{
  "v1_metrics": {
    "precision_at_1": 0.5714285714285714,
    "recall_at_5": 1.0,
    "mrr": 0.7619047619047619
  },
  "v2_metrics": {
    "precision_at_1": 0.14285714285714285,
    "recall_at_5": 0.5952380952380951,
    "mrr": 0.34523809523809523
  },
  "improvements": {
    "precision_at_1_delta": -0.42857142857142855,
    "mrr_delta": -0.41666666666666663
  }
}